duplicate_group_id,record_id,is_kept,duplicate_reason
GRP-0E9D2586D4DA,R0001,False,same_url
GRP-0E9D2586D4DA,R0002,False,same_url
GRP-BEF12E11C507,R0003,True,same_bulletin_and_title
GRP-0E9D2586D4DA,R0004,False,same_url
GRP-81C1D1C1B34B,R0005,False,same_url
GRP-0E9D2586D4DA,R0006,False,same_url
GRP-0E9D2586D4DA,R0007,False,same_url
GRP-0E9D2586D4DA,R0008,False,same_url
GRP-5875BE9FD234,R0009,False,same_url
GRP-57B06BD713BA,R0010,True,same_hash_and_title
GRP-0E9D2586D4DA,R0011,True,same_url
GRP-81C1D1C1B34B,R0013,True,same_url
GRP-5875BE9FD234,R0014,False,same_url
GRP-5875BE9FD234,R0015,True,same_url
GRP-0E9D2586D4DA,R0016,False,same_url
GRP-81C1D1C1B34B,R0017,False,same_url
GRP-81C1D1C1B34B,R0018,False,same_url
GRP-0E9D2586D4DA,R0019,False,same_url
GRP-0E9D2586D4DA,R0020,False,same_url
GRP-81C1D1C1B34B,R0021,False,same_url
GRP-01FAAA72BC5D,R0024,False,same_url
GRP-4FAC530BFE6E,R0025,True,same_bulletin_and_title
GRP-EE70F5025FA5,R0026,False,same_url
GRP-EE70F5025FA5,R0027,True,same_url
GRP-01FAAA72BC5D,R0029,False,same_url
GRP-61147B3228F9,R0032,True,same_bulletin_and_title
GRP-01FAAA72BC5D,R0033,False,same_url
GRP-01FAAA72BC5D,R0034,False,same_url
GRP-01FAAA72BC5D,R0035,False,same_url
GRP-01FAAA72BC5D,R0036,True,same_url
GRP-4FAC530BFE6E,R0037,False,same_bulletin_and_title
GRP-01FAAA72BC5D,R0038,False,same_url
GRP-01FAAA72BC5D,R0039,False,same_url
GRP-01FAAA72BC5D,R0041,False,same_url
GRP-97D2CB3F1970,R0045,False,same_url
GRP-65B9D0711F47,R0047,True,same_bulletin_and_title
GRP-97D2CB3F1970,R0048,False,same_url
GRP-97D2CB3F1970,R0049,False,same_url
GRP-97D2CB3F1970,R0050,True,same_url
GRP-97D2CB3F1970,R0051,False,same_url
GRP-97D2CB3F1970,R0052,False,same_url
GRP-97D2CB3F1970,R0054,False,same_url
GRP-48F6E174C54B,R0055,True,same_url
GRP-97D2CB3F1970,R0057,False,same_url
GRP-97D2CB3F1970,R0058,False,same_url
GRP-97D2CB3F1970,R0059,False,same_url
GRP-E41ED2F99909,R0060,False,same_url
GRP-E41ED2F99909,R0061,False,same_url
GRP-E41ED2F99909,R0062,False,same_url
GRP-E41ED2F99909,R0063,False,same_url
GRP-E41ED2F99909,R0064,False,same_url
GRP-2BE815672787,R0065,False,same_url
GRP-2BE815672787,R0066,True,same_url
GRP-E41ED2F99909,R0067,False,same_url
GRP-2BE815672787,R0068,False,same_url
GRP-E41ED2F99909,R0069,False,same_url
GRP-E84FB2A8EBC7,R0070,True,same_bulletin_and_title
GRP-E41ED2F99909,R0071,False,same_url
GRP-E84FB2A8EBC7,R0072,False,same_bulletin_and_title
GRP-E41ED2F99909,R0073,False,same_url
GRP-E41ED2F99909,R0074,False,same_url
GRP-EB361F2FD25E,R0075,True,same_url
GRP-E41ED2F99909,R0076,True,same_url
GRP-BBE40D2E912F,R0077,False,same_url
GRP-BBE40D2E912F,R0078,False,same_url
GRP-EFC0C542B0D6,R0079,False,same_url
GRP-BBE40D2E912F,R0080,False,same_url
GRP-BBE40D2E912F,R0081,False,same_url
GRP-BBE40D2E912F,R0082,False,same_url
GRP-BBE40D2E912F,R0083,False,same_url
GRP-BBE40D2E912F,R0084,False,same_url
GRP-BBE40D2E912F,R0085,False,same_url
GRP-BBE40D2E912F,R0086,False,same_url
GRP-EFC0C542B0D6,R0087,False,same_url
GRP-BBE40D2E912F,R0088,False,same_url
GRP-BBE40D2E912F,R0089,True,same_url
GRP-BBE40D2E912F,R0090,False,same_url
GRP-EFC0C542B0D6,R0091,True,same_url
GRP-BBE40D2E912F,R0092,False,same_url
GRP-BBE40D2E912F,R0094,False,same_url
GRP-BBE40D2E912F,R0095,False,same_url
GRP-3B0EE261E346,R0096,True,same_bulletin_and_title
GRP-BBE40D2E912F,R0098,False,same_url
GRP-3C917BCB7491,R0100,True,same_bulletin_and_title
GRP-F61A34E79599,R0101,False,same_bulletin_and_title
GRP-A6016B458037,R0102,False,same_url
GRP-CBC3044A2BC8,R0103,False,same_url
GRP-A6016B458037,R0104,True,same_url
GRP-CBC3044A2BC8,R0105,False,same_url
GRP-CBC3044A2BC8,R0106,False,same_url
GRP-CBC3044A2BC8,R0107,False,same_url
GRP-CBC3044A2BC8,R0108,False,same_url
GRP-CBC3044A2BC8,R0109,False,same_url
GRP-CBC3044A2BC8,R0111,True,same_url
GRP-CBC3044A2BC8,R0112,False,same_url
GRP-F2E803F926EB,R0113,True,same_url
GRP-F61A34E79599,R0114,True,same_bulletin_and_title
GRP-CBC3044A2BC8,R0115,False,same_url
GRP-CBC3044A2BC8,R0116,False,same_url
GRP-738834145797,R0117,False,same_url
GRP-738834145797,R0118,False,same_url
GRP-3234B24C7CF9,R0119,True,same_url
GRP-A193C8FE99A7,R0120,True,same_url
GRP-738834145797,R0121,False,same_url
GRP-738834145797,R0122,False,same_url
GRP-3234B24C7CF9,R0123,False,same_url
GRP-3234B24C7CF9,R0124,False,same_url
GRP-738834145797,R0125,False,same_url
GRP-738834145797,R0126,False,same_url
GRP-738834145797,R0127,True,same_url
GRP-032A277287D9,R0129,True,same_bulletin_and_title
GRP-738834145797,R0130,False,same_url
GRP-738834145797,R0131,False,same_url
GRP-738834145797,R0132,False,same_url
GRP-738834145797,R0133,False,same_url
GRP-738834145797,R0134,False,same_url
GRP-33D19B349059,R0135,False,same_url
GRP-33D19B349059,R0136,True,same_url
GRP-33D19B349059,R0137,False,same_url
GRP-33D19B349059,R0138,False,same_url
GRP-6961D6091FEF,R0139,True,same_bulletin_and_title
GRP-33D19B349059,R0140,False,same_url
GRP-33D19B349059,R0142,False,same_url
GRP-33D19B349059,R0143,False,same_url
GRP-758442413237,R0144,True,same_url
GRP-33D19B349059,R0145,False,same_url
GRP-33D19B349059,R0146,False,same_url
GRP-33D19B349059,R0147,False,same_url
GRP-33D19B349059,R0148,False,same_url
GRP-33D19B349059,R0150,False,same_url
GRP-33D19B349059,R0151,False,same_url
GRP-758442413237,R0152,False,same_url
GRP-33D19B349059,R0154,False,same_url
GRP-33D19B349059,R0155,False,same_url
GRP-33D19B349059,R0156,False,same_url
GRP-02ADA62B5FD5,R0157,True,same_url
GRP-9EE92DCDFE4D,R0158,False,same_url
GRP-4524142603BB,R0159,False,same_url
GRP-9EE92DCDFE4D,R0160,True,same_url
GRP-9EE92DCDFE4D,R0161,False,same_url
GRP-4524142603BB,R0163,False,same_url
GRP-9EE92DCDFE4D,R0164,False,same_url
GRP-9EE92DCDFE4D,R0165,False,same_url
GRP-9EE92DCDFE4D,R0166,False,same_url
GRP-4524142603BB,R0167,False,same_url
GRP-9EE92DCDFE4D,R0168,False,same_url
GRP-4524142603BB,R0170,True,same_url
GRP-9EE92DCDFE4D,R0171,False,same_url
GRP-9EE92DCDFE4D,R0173,False,same_url
GRP-9EE92DCDFE4D,R0174,False,same_url
GRP-9EE92DCDFE4D,R0175,False,same_url
GRP-5CD1C0B19D26,R0176,False,same_url
GRP-9EE92DCDFE4D,R0177,False,same_url
GRP-5CD1C0B19D26,R0178,False,same_url
GRP-5CD1C0B19D26,R0179,True,same_url
GRP-9EE92DCDFE4D,R0180,False,same_url
GRP-3260857AF9D7,R0181,False,same_url
GRP-3260857AF9D7,R0182,False,same_url
GRP-3260857AF9D7,R0183,False,same_url
GRP-3260857AF9D7,R0184,False,same_url
GRP-3260857AF9D7,R0185,False,same_url
GRP-3260857AF9D7,R0186,False,same_url
GRP-DBDC68328F61,R0187,False,same_url
GRP-3260857AF9D7,R0188,False,same_url
GRP-DBDC68328F61,R0189,False,same_url
GRP-C2FED5C59628,R0190,True,same_bulletin_and_title
GRP-3260857AF9D7,R0191,False,same_url
GRP-8B4FA3283B8A,R0192,True,same_url
GRP-3260857AF9D7,R0193,False,same_url
GRP-8B4FA3283B8A,R0194,False,same_url
GRP-3260857AF9D7,R0195,False,same_url
GRP-8B4FA3283B8A,R0196,False,same_url
GRP-3260857AF9D7,R0197,False,same_url
GRP-3260857AF9D7,R0198,True,same_url
GRP-DBDC68328F61,R0199,True,same_url
GRP-79150C01A0A0,R0200,False,same_url
GRP-79150C01A0A0,R0201,False,same_url
GRP-79150C01A0A0,R0202,False,same_url
GRP-79150C01A0A0,R0203,False,same_url
GRP-79150C01A0A0,R0204,False,same_url
GRP-79150C01A0A0,R0205,True,same_url
GRP-79150C01A0A0,R0206,False,same_url
GRP-79150C01A0A0,R0207,False,same_url
GRP-CA34DEB582D5,R0208,True,same_url
GRP-79150C01A0A0,R0209,False,same_url
GRP-28EA987E5139,R0210,True,same_url
GRP-79150C01A0A0,R0211,False,same_url
GRP-79150C01A0A0,R0212,False,same_url
GRP-79150C01A0A0,R0214,False,same_url
GRP-79150C01A0A0,R0215,False,same_url
GRP-CA34DEB582D5,R0216,False,same_url
GRP-79150C01A0A0,R0217,False,same_url
GRP-08003670DB0E,R0218,True,same_url
GRP-C79A76CD409C,R0219,False,same_url
GRP-C79A76CD409C,R0220,False,same_url
GRP-37A524A783AA,R0221,True,same_bulletin_and_title
GRP-EB1C84007941,R0223,False,same_url
GRP-EB1C84007941,R0224,False,same_url
GRP-EB1C84007941,R0225,False,same_url
GRP-EB1C84007941,R0226,False,same_url
GRP-F167817A3A1C,R0227,True,same_url
GRP-EB1C84007941,R0229,False,same_url
GRP-EB1C84007941,R0231,True,same_url
GRP-EB1C84007941,R0233,False,same_url
GRP-C79A76CD409C,R0234,True,same_url
GRP-EB1C84007941,R0235,False,same_url
GRP-EB1C84007941,R0236,False,same_url
GRP-37A524A783AA,R0237,False,same_bulletin_and_title
GRP-EB1C84007941,R0238,False,same_url
