canonical_id,kept_record_id,source,source_type,bulletin_number,title,summary,published_at,event_date,status,initiative,authors,canonical_url,canonical_document_url,duplicate_group_id
CAN-000001,R0003,camara,detail,11422-07,"Modifica diversos cuerpos legales para regular, en igualdad de condiciones, el matrimonio de parejas del mismo sexo",Proyecto sobre matrimonio igualitario y adecuación de cuerpos legales conexos.,2025-05-01T21:40:00+00:00,2025-06-08T21:40:00,Tramitación terminada,Mensaje,Ministerio Secretaría General de Gobierno | Ministerio de la Mujer y Equidad de Género,,https://www.camara.cl/legislacion/proyectosdeley/documentos/11422_07.pdf,GRP-BEF12E11C507
CAN-000002,R0010,camara,detail,,"Modifica diversos cuerpos legales para regular, en igualdad de condiciones, el matrimonio de parejas del mismo sexo",Proyecto sobre matrimonio igualitario y adecuación de cuerpos legales conexos. Más antecedentes en el sitio institucional.,2025-10-25,2025-10-18T13:21:00,Tramitación  terminada,mensaje,Ministerio Secretaría General de Gobierno | Ministerio de la Mujer y Equidad de Género,,,GRP-57B06BD713BA
CAN-000003,R0011,crawler,misc,11422-07,"Modifica diversos cuerpos legales para regular, en igualdad de condiciones, el matrimonio de parejas del mismo sexo",Proyecto sobre matrimonio igualitario y adecuación de cuerpos legales conexos.,2025-11-11,2025-12-04,Tramitación terminada,Mensaje,Ministerio Secretaría General de Gobierno | Ministerio de la Mujer y Equidad de Género,https://www.camara.cl/legislacion/ProyectosDeLey/tramitacion.aspx?prmBoletin=11422-07&prmID=11934,https://www.camara.cl/legislacion/proyectosdeley/documentos/11422_07.pdf,GRP-0E9D2586D4DA
CAN-000004,R0013,crawler,misc,11422-07,"Modifica diversos cuerpos legales para regular, en igualdad de condiciones, el matrimonio de parejas del mismo sexo",Proyecto sobre matrimonio igualitario y adecuación de cuerpos legales conexos.,2024-09-22,2024-08-13T01:46:00+00:00,"""Tramitación terminada""",Mensaje,Ministerio Secretaría General de Gobierno | Ministerio de la Mujer y Equidad de Género,http://www.camara.cl/legislacion/ProyectosDeLey/tramitacion.aspx?prmBoletin=11422-07&prmID=11934,,GRP-81C1D1C1B34B
CAN-000005,R0015,senado,detail,11422-07,"Modifica diversos cuerpos legales para regular, en igualdad de condiciones, el matrimonio de parejas del mismo sexo",Proyecto sobre matrimonio igualitario y adecuación de cuerpos legales conexos.,2025-08-10T11:45:00-04:00,2024-12-11T22:37:00,Tramitación terminada,,Ministerio Secretaría General de Gobierno | Ministerio de la Mujer y Equidad de Género,https://www.camara.cl/legislacion/ProyectosDeLey/tramitacion.aspx?prmBoletin=11422-07&prmID=11934%2F,https://www.camara.cl/legislacion/proyectosdeley/documentos/11422_07.pdf,GRP-5875BE9FD234
CAN-000006,R0025,bcn,api,12768-15,"Modifica la ley N° 18.290, de Tránsito, para sancionar a quienes dificulten o impidan el acceso de adultos mayores y personas con discapacidad a servicios de transporte público remunerado de pasajeros",,2024-07-21,2024-06-16T04:43:00,Segundo trámite constitucional,Moción,Sandra Amar | Bernardo Berger | Catalina Del Real,,https://www.camara.cl/legislacion/proyectosdeley/documentos/12768_15.pdf,GRP-4FAC530BFE6E
CAN-000007,R0027,senado,detail,12768-15,"Modifica la ley N° 18.290, de Tránsito, para sancionar a quienes dificulten o impidan el acceso de adultos mayores y personas con discapacidad a servicios de transporte público remunerado de pasajeros",Proyecto sobre acceso a transporte público para adultos mayores y personas con discapacidad.,2025-01-30T11:42:00-04:00,2025-01-13,Trámite de aprobacion presidencial,moción,Sandra Amar | Bernardo Berger | Catalina Del Real,https://www.camara.cl/legislacion/ProyectosDeLey/tramitacion.aspx?prmBOLETIN=12768-15&prmID=13307%2F,https://www.camara.cl/legislacion/proyectosdeley/documentos/12768_15.pdf,GRP-EE70F5025FA5
CAN-000008,R0032,senado,detail,12768-15,"""Modifica la ley N° 18.290, de Tránsito, para sancionar a quienes dificulten o impidan el acceso de adultos mayores y personas con discapacidad a servicios de transporte público remunerado de pasajeros""",,2025-05-10,2025-07-06,Segundo trámite constitucional,moción,Sandra Amar | Bernardo Berger | Catalina Del Real,,https://www.camara.cl/legislacion/proyectosdeley/documentos/12768_15.pdf?download=1,GRP-61147B3228F9
CAN-000009,R0036,camara,detail,12768-15,"""Modifica la ley N° 18.290, de Tránsito, para sancionar a quienes dificulten o impidan el acceso de adultos mayores y personas con discapacidad a servicios de transporte público remunerado de pasajeros""",Proyecto sobre acceso a transporte público para adultos mayores y personas con discapacidad. Más antecedentes en el sitio institucional.,2025-10-04T22:10:00-03:00,2025-01-09T22:10:00,Segundo trámite constitucional,moción,Sandra Amar | Bernardo Berger | Catalina Del Real,https://www.camara.cl/legislacion/ProyectosDeLey/tramitacion.aspx?prmBOLETIN=12768-15&prmID=13307,https://www.camara.cl/legislacion/proyectosdeley/documentos/12768_15.pdf?download=1,GRP-01FAAA72BC5D
CAN-000010,R0047,camara,table,12490-07,"Modifica la Carta Fundamental para incluir, dentro de las garantías constitucionales, el reconocimiento al trabajo doméstico y a la labor consistente en el cuidado de personas",Proyecto sobre reconocimiento constitucional del trabajo doméstico y de cuidados. Más antecedentes en el sitio institucional.,,2024-10-04T23:56:00,Primer trámite constitucional,Moción,Camila Rojas | Gael Yeomans | Maya Fernández,,https://www.camara.cl/legislacion/proyectosdeley/documentos/12490_07.pdf,GRP-65B9D0711F47
CAN-000011,R0050,bcn,api,12490-07,"""Modifica la Carta Fundamental para incluir, dentro de las garantías constitucionales, el reconocimiento al trabajo doméstico y a la labor consistente en el cuidado de personas""","""Proyecto sobre reconocimiento constitucional del trabajo doméstico y de cuidados."" Más antecedentes en el sitio institucional.",2025-03-07,2025-07-19,Primer trámite constitucional,Moción,Camila Rojas | Gael Yeomans | Maya Fernández,https://www.camara.cl/legislacion/ProyectosDeLey/tramitacion.aspx?prmBOLETIN=12490-07&prmID=13024,https://www.camara.cl/legislacion/proyectosdeley/documentos/12490_07.pdf,GRP-97D2CB3F1970
CAN-000012,R0055,camara,table,12490-07,"Modifica la Carta Fundamental para incluir, dentro de las garantías constitucionales, el reconocimiento al trabajo doméstico y a la labor consistente en el cuidado de personas","""Proyecto sobre reconocimiento constitucional del trabajo doméstico y de cuidados.""",2025-03-22T01:55:00,2025-04-07T01:55:00+00:00,Primer trámite constitucional,Moción,Camila Rojas | Gael Yeomans | Maya Fernández,https://www.camara.cl/legislacion/ProyectosDeLey/tramitacion.aspx?prmBOLETIN=12490-07&prmID=13024%2F,,GRP-48F6E174C54B
CAN-000013,R0066,camara,table,15516-34,Establece un mecanismo para aumentar la participación de mujeres en los directorios de las sociedades anónimas abiertas y sociedades anónimas especiales,Proyecto sobre participación de mujeres en directorios de sociedades anónimas abiertas. Más antecedentes en el sitio institucional.,2025-08-14,2025-07-16,Tramitación terminada,Mensaje,"Ministerio de Economía, Fomento y Turismo | Ministerio de Hacienda",https://www.camara.cl/legislacion/proyectosdeley/tramitacion.aspx?prmBOLETIN=15516-34&prmID=16048%2F,https://www.camara.cl/legislacion/proyectosdeley/documentos/15516_34.pdf,GRP-2BE815672787
CAN-000014,R0070,camara,detail,15516-34,Establece un mecanismo para aumentar la participación de mujeres en los directorios de las sociedades anónimas abiertas y sociedades anónimas especiales,Proyecto sobre participación de mujeres en directorios de sociedades anónimas abiertas.,2024-07-02,,Tramitación terminada,Mensaje,"Ministerio de Economía, Fomento y Turismo | Ministerio de Hacienda",,https://www.camara.cl/legislacion/proyectosdeley/documentos/15516_34.pdf,GRP-E84FB2A8EBC7
CAN-000015,R0075,camara,detail,15516-34,"""Establece un mecanismo para aumentar la participación de mujeres en los directorios de las sociedades anónimas abiertas y sociedades anónimas especiales""",Proyecto sobre participación de mujeres en directorios de sociedades anónimas abiertas.,,2024-12-25T17:24:00+00:00,,,"Ministerio de Economía, Fomento y Turismo | Ministerio de Hacienda",http://www.camara.cl/legislacion/proyectosdeley/tramitacion.aspx?prmBOLETIN=15516-34&prmID=16048%2F,https://www.camara.cl/legislacion/proyectosdeley/documentos/15516_34.pdf,GRP-EB361F2FD25E
CAN-000016,R0076,camara,detail,15516-34,Establece un mecanismo para aumentar la participación de mujeres en los directorios de las sociedades anónimas abiertas y sociedades anónimas especiales,Proyecto sobre participación de mujeres en directorios de sociedades anónimas abiertas.,2025-11-10T12:28:00,2025-09-07T12:28:00-04:00,"""Tramitación terminada""",Mensaje,"Ministerio de Economía, Fomento y Turismo | Ministerio de Hacienda",https://www.camara.cl/legislacion/proyectosdeley/tramitacion.aspx?prmBOLETIN=15516-34&prmID=16048,https://www.camara.cl/legislacion/proyectosdeley/documentos/15516_34.pdf,GRP-E41ED2F99909
CAN-000017,R0089,senado,detail,16821-19,"""Regula los sistemas de inteligencia artificial""","""Proyecto sobre regulación de sistemas de inteligencia artificial y su gobernanza.""",2025-01-19T20:12:00,2025-02-28T20:12:00-03:00,Primer trámite constitucional,  Mensaje  ,Ministerio de Ciencia | Ministerio Secretaría General de la Presidencia,https://www.camara.cl/legislacion/proyectosdeley/tramitacion.aspx?prmBOLETIN=16821-19&prmID=17429,https://www.camara.cl/legislacion/proyectosdeley/documentos/16821_19.pdf?download=1,GRP-BBE40D2E912F
CAN-000018,R0091,senado,detail,16821-19,Regula los sistemas de inteligencia artificial,Proyecto sobre regulación de sistemas de inteligencia artificial y su gobernanza.,2024-02-29,,Primer trámite constitucional,Mensaje,Ministerio de Ciencia | Ministerio Secretaría General de la Presidencia,https://www.camara.cl/legislacion/proyectosdeley/tramitacion.aspx?prmBOLETIN=16821-19&prmID=17429%2F,https://www.camara.cl/legislacion/proyectosdeley/documentos/16821_19.pdf?download=1,GRP-EFC0C542B0D6
CAN-000019,R0096,gobcl,news,16821-19,"""Regula los sistemas de inteligencia artificial""",Proyecto sobre regulación de sistemas de inteligencia artificial y su gobernanza.,2025-07-04,2025-04-16T10:16:00-03:00,Primer trámite constitucional,mensaje,Ministerio de Ciencia | Ministerio Secretaría General de la Presidencia,,https://www.camara.cl/legislacion/proyectosdeley/documentos/16821_19.pdf,GRP-3B0EE261E346
CAN-000020,R0100,bcn,api,16821-19,Regula los sistemas de inteligencia artificial,,2024-06-30,2024-07-20,"""Primer  trámite  constitucional""",Mensaje,Ministerio de Ciencia | Ministerio Secretaría General de la Presidencia,,https://www.camara.cl/legislacion/proyectosdeley/documentos/16821_19.pdf,GRP-3C917BCB7491
CAN-000021,R0104,senado,detail,17522-12,Aumenta sanciones aplicables a la incineración de basura y promueve la educación ambiental en manejo de residuos,Proyecto ambiental sobre sanciones a la incineración de basura y educación ambiental.,2025-04-14T01:45:00,2025-04-17,Trámite de aprobacion presidencial,  Moción  ,,https://www.camara.cl/legislacion/ProyectosDeLey/tramitacion.aspx?prmBOLETIN=17522-12&prmID=18162%2F,,GRP-A6016B458037
CAN-000022,R0111,camara,table,17522-12,Aumenta sanciones aplicables a la incineración de basura y promueve la educación ambiental en manejo de residuos,Proyecto ambiental sobre sanciones a la incineración de basura y educación ambiental.,2025-06-23T19:43:00+00:00,2025-07-11T19:43:00-04:00,Primer  trámite  constitucional,moción,Félix Bugueño | Camila Musante | Jaime Sáez,https://www.camara.cl/legislacion/ProyectosDeLey/tramitacion.aspx?prmBOLETIN=17522-12&prmID=18162,https://www.camara.cl/legislacion/proyectosdeley/documentos/17522_12.pdf,GRP-CBC3044A2BC8
CAN-000023,R0113,camara,detail,17522-12,""" Aumenta sanciones aplicables a la incineración de basura y promueve la educación ambiental en manejo de residuos """,Proyecto ambiental sobre sanciones a la incineración de basura y educación ambiental.,2025-05-11T08:17:00-03:00,2024-08-25T01:05:00,Primer trámite constitucional,moción,Félix Bugueño | Camila Musante | Jaime Sáez,http://www.camara.cl/legislacion/ProyectosDeLey/tramitacion.aspx?prmBOLETIN=17522-12&prmID=18162,,GRP-F2E803F926EB
CAN-000024,R0114,senado,detail,17522-12,Aumenta sanciones aplicables a la incineración de basura y promueve la educación ambiental en manejo de residuos,Proyecto ambiental sobre sanciones a la incineración de basura y educación ambiental.,2024-11-18,2024-11-23T22:09:00-03:00, Primer trámite constitucional ,moción,Félix Bugueño | Camila Musante | Jaime Sáez,,https://www.camara.cl/legislacion/proyectosdeley/documentos/17522_12.pdf?download=1,GRP-F61A34E79599
CAN-000025,R0119,senado,detail,17245-12,"Modifica la ley N° 21.020, para perfeccionar el sistema de identificación y registro de mascotas o animales de compañía",Proyecto sobre registro de mascotas y animales de compañía.,2025-12-05T02:42:00,2025-01-06T02:42:00,,,Juan Santana | Daniella Cicardini,https://www.camara.cl/legislacion/ProyectosDeLey/tramitacion.aspx?prmBOLETIN=17245-12&prmID=17878%2F,https://www.camara.cl/legislacion/proyectosdeley/documentos/17245_12.pdf,GRP-3234B24C7CF9
CAN-000026,R0120,bcn,api,17245-12,"""Modifica la ley N° 21.020, para perfeccionar el sistema de identificación y registro de mascotas o animales de compañía""",Proyecto sobre registro de mascotas y animales de compañía.,2025-11-11T15:48:00,,Segundo trámite constitucional,Moción,Juan Santana | Daniella Cicardini,http://www.camara.cl/legislacion/ProyectosDeLey/tramitacion.aspx?prmBOLETIN=17245-12&prmID=17878%2F,,GRP-A193C8FE99A7
CAN-000027,R0127,camara,detail,17245-12,"Modifica la ley Nº 21.020, para perfeccionar el sistema de identificación y registro de mascotas o animales de compañía",Proyecto sobre registro de mascotas y animales de compañía.,2024-09-14T07:37:00,2024-09-10T07:37:00-04:00,Segundo trámite constitucional,Moción,Juan Santana | Daniella Cicardini,https://www.camara.cl/legislacion/ProyectosDeLey/tramitacion.aspx?prmBOLETIN=17245-12&prmID=17878,https://www.camara.cl/legislacion/proyectosdeley/documentos/17245_12.pdf,GRP-738834145797
CAN-000028,R0129,gobcl,news,17245-12,"Modifica la ley N° 21.020, para perfeccionar el sistema de identificación y registro de mascotas o animales de compañía","""Proyecto sobre registro de mascotas y animales de compañía.""",2024-09-15,2024-08-29T12:08:00,Segundo trámite constitucional,moción,Juan Santana | Daniella Cicardini,,,GRP-032A277287D9
CAN-000029,R0136,camara,detail,18137-05,"Adopta medidas transitorias para contener el precio del kerosene doméstico en el contexto de la emergencia energética internacional, y otras medidas que indica",Proyecto sobre medidas transitorias para contener el precio del kerosene doméstico.,2025-04-02T00:02:00,2025-04-20T00:02:00-04:00,Primer trámite constitucional,"""Mensaje""",Ministerio de Hacienda,https://www.camara.cl/legislacion/proyectosdeley/tramitacion.aspx?prmBOLETIN=18137-05&prmID=18800,https://www.camara.cl/legislacion/proyectosdeley/documentos/18137_05.pdf,GRP-33D19B349059
CAN-000030,R0139,camara,detail,18137-05,"Adopta medidas transitorias para contener el precio del kerosene doméstico en el contexto de la emergencia energética internacional, y otras medidas que indica",Proyecto sobre medidas transitorias para contener el precio del kerosene doméstico.,2024-03-16,2024-03-05T09:48:00-04:00,Trámite de aprobacion presidencial,Mensaje,Ministerio de Hacienda,,https://www.camara.cl/legislacion/proyectosdeley/documentos/18137_05.pdf,GRP-6961D6091FEF
CAN-000031,R0144,senado,detail,18137-05,"Adopta medidas transitorias para contener el precio del kerosene doméstico en el contexto de la emergencia energética internacional, y otras medidas que indica",Proyecto sobre medidas transitorias para contener el precio del kerosene doméstico.,2024-05-07T04:32:00-03:00,2024-05-24,Tramitación terminada,Mensaje,Ministerio de Hacienda,https://www.camara.cl/legislacion/proyectosdeley/tramitacion.aspx?prmBOLETIN=18137-05&prmID=18800%2F,https://www.camara.cl/legislacion/proyectosdeley/documentos/18137_05.pdf,GRP-758442413237
CAN-000032,R0157,bcn,api,18137-05,"Adopta medidas transitorias para contener el precio del kerosene doméstico en el contexto de la emergencia energética internacional, y otras medidas que indica",,2024-12-17T18:54:00,2024-12-17T18:54:00,Trámite de aprobacion presidencial,,Ministerio de Hacienda,http://www.camara.cl/legislacion/proyectosdeley/tramitacion.aspx?prmBOLETIN=18137-05&prmID=18800,,GRP-02ADA62B5FD5
CAN-000033,R0160,senado,detail,17678-11,"Modifica el periodo de carencia del subsidio de incapacidad laboral por accidente o enfermedad común, introduce modificaciones en su aplicación al sector público, fortalece las facultades de las Comisiones de Medicina Preventiva e Invalidez, y modifica las normas que indica",Proyecto sobre subsidio de incapacidad laboral y facultades de COMPIN.,2025-12-10T09:28:00+00:00,2026-01-10T09:28:00+00:00,"""  Primer  trámite  constitucional  """,Mensaje,Ministerio de Salud | Ministerio del Trabajo y Previsión Social,https://www.camara.cl/legislacion/ProyectosDeLey/tramitacion.aspx?prmBOLETIN=17678-11&prmID=18323,https://www.camara.cl/legislacion/proyectosdeley/documentos/17678_11.pdf,GRP-9EE92DCDFE4D
CAN-000034,R0170,camara,detail,17678-11,"""""Modifica el periodo de carencia del subsidio de incapacidad laboral por accidente o enfermedad común, introduce modificaciones en su aplicación al sector público, fortalece las facultades de las Comisiones de Medicina Preventiva e Invalidez, y modifica las normas que indica""""",Proyecto sobre subsidio de incapacidad laboral y facultades de COMPIN.,2025-11-21T18:47:00,2024-07-18T14:49:00,Primer  trámite  constitucional,"""Mensaje""",Ministerio de Salud | Ministerio del Trabajo y Previsión Social,https://www.camara.cl/legislacion/ProyectosDeLey/tramitacion.aspx?prmBOLETIN=17678-11&prmID=18323%2F,,GRP-4524142603BB
CAN-000035,R0179,camara,table,17678-11,"Modifica el periodo de carencia del subsidio de incapacidad laboral por accidente o enfermedad común, introduce modificaciones en su aplicación al sector público, fortalece las facultades de las Comisiones de Medicina Preventiva e Invalidez, y modifica las normas que indica",Proyecto sobre subsidio de incapacidad laboral y facultades de COMPIN. Más antecedentes en el sitio institucional.,2025-07-22T18:42:00+00:00,2025-06-12T18:42:00,Primer trámite constitucional,,Ministerio de Salud | Ministerio del Trabajo y Previsión Social,http://www.camara.cl/legislacion/ProyectosDeLey/tramitacion.aspx?prmBOLETIN=17678-11&prmID=18323,https://www.camara.cl/legislacion/proyectosdeley/documentos/17678_11.pdf?download=1,GRP-5CD1C0B19D26
CAN-000036,R0190,gobcl,news,15261-25,"Modifica la ley N°21.325, de migración y extranjería, para tipificar el delito de ingreso clandestino al territorio nacional",Proyecto sobre migración e ingreso clandestino al territorio nacional.,2025-06-27T11:37:00+00:00,2025-05-30T11:37:00,Discusión general,Moción,Gloria Naveillan | Stephan Schubert | Andrés Jouannet,,https://www.camara.cl/legislacion/proyectosdeley/documentos/15261_25.pdf,GRP-C2FED5C59628
CAN-000037,R0192,camara,detail,15261-25,""" Modifica la ley N°21.325, de migración y extranjería, para tipificar el delito de ingreso clandestino al territorio nacional """,Proyecto sobre migración e ingreso clandestino al territorio nacional. Más antecedentes en el sitio institucional.,2025-10-14,2025-11-13,Segundo trámite constitucional,Moción,Gloria Naveillan | Stephan Schubert | Andrés Jouannet,http://www.camara.cl/legislacion/ProyectosDeLey/tramitacion.aspx?prmBOLETIN=15261-25&prmID=15772,https://www.camara.cl/legislacion/proyectosdeley/documentos/15261_25.pdf,GRP-8B4FA3283B8A
CAN-000038,R0198,camara,table,15261-25,"Modifica la ley N°21.325, de migración y extranjería, para tipificar el delito de ingreso clandestino al territorio nacional",Proyecto sobre migración e ingreso clandestino al territorio nacional.,2024-12-06,2024-11-11T04:04:00, Segundo trámite constitucional ,moción,Gloria Naveillan | Stephan Schubert | Andrés Jouannet,https://www.camara.cl/legislacion/ProyectosDeLey/tramitacion.aspx?prmBOLETIN=15261-25&prmID=15772,https://www.camara.cl/legislacion/proyectosdeley/documentos/15261_25.pdf,GRP-3260857AF9D7
CAN-000039,R0199,senado,detail,15261-25,"""Modifica la ley Nº21.325, de migración y extranjería, para tipificar el delito de ingreso clandestino al territorio nacional""",Proyecto sobre migración e ingreso clandestino al territorio nacional. Más antecedentes en el sitio institucional.,2024-05-23T12:37:00,2024-04-15T06:34:00,Segundo trámite constitucional,Moción,Gloria Naveillan | Stephan Schubert | Andrés Jouannet,https://www.camara.cl/legislacion/ProyectosDeLey/tramitacion.aspx?prmBOLETIN=15261-25&prmID=15772%2F,https://www.camara.cl/legislacion/proyectosdeley/documentos/15261_25.pdf,GRP-DBDC68328F61
CAN-000040,R0205,senado,detail,16062-04,Prohíbe el uso de celulares en las salas de clase de los establecimientos de educación parvularia y básica,Proyecto que prohíbe el uso de celulares en salas de clase de educación parvularia y básica.,2025-04-14T09:37:00,2025-05-07T09:37:00,Tramitación terminada,Moción,Marta Bravo | Karen Medina | Flor Weisse,https://www.camara.cl/legislacion/ProyectosDeLey/tramitacion.aspx?prmBOLETIN=16062-04&prmID=16604,https://www.camara.cl/legislacion/proyectosdeley/documentos/16062_04.pdf,GRP-79150C01A0A0
CAN-000041,R0208,camara,table,16062-04,Prohíbe el uso de celulares en las salas de clase de los establecimientos de educación parvularia y básica,Proyecto que prohíbe el uso de celulares en salas de clase de educación parvularia y básica.,2025-08-10T07:13:00+00:00,2025-07-25,Primer trámite constitucional,Moción,Marta Bravo | Karen Medina | Flor Weisse,http://www.camara.cl/legislacion/ProyectosDeLey/tramitacion.aspx?prmBOLETIN=16062-04&prmID=16604,https://www.camara.cl/legislacion/proyectosdeley/documentos/16062_04.pdf,GRP-CA34DEB582D5
CAN-000042,R0210,bcn,api,16062-04,"""Prohíbe el uso de celulares en las salas de clase de los establecimientos de educación parvularia y básica""",Proyecto que prohíbe el uso de celulares en salas de clase de educación parvularia y básica.,2025-08-15T08:18:00,,,moción,Marta Bravo | Karen Medina | Flor Weisse,https://www.camara.cl/legislacion/ProyectosDeLey/tramitacion.aspx?prmBOLETIN=16062-04&prmID=16604%2F,https://www.camara.cl/legislacion/proyectosdeley/documentos/16062_04.pdf,GRP-28EA987E5139
CAN-000043,R0218,camara,table,16062-04,Prohíbe el uso de celulares en las salas de clase de los establecimientos de educación parvularia y básica,""" Proyecto que prohíbe el uso de celulares en salas de clase de educación parvularia y básica. """,2025-05-18T22:05:00-03:00,2025-06-08T22:05:00+00:00,Discusión general,,Marta Bravo | Karen Medina | Flor Weisse,http://www.camara.cl/legislacion/ProyectosDeLey/tramitacion.aspx?prmBOLETIN=16062-04&prmID=16604%2F,,GRP-08003670DB0E
CAN-000044,R0221,bcn,api,17989-07,Modifica la Carta Fundamental para otorgar facultades extraordinarias al Presidente de la República,Proyecto de reforma constitucional sobre facultades extraordinarias del Presidente.,2025-09-16,2025-09-01T03:24:00+00:00,Primer trámite constitucional,moción,Gaspar Rivas,,https://www.camara.cl/legislacion/proyectosdeley/documentos/17989_07.pdf,GRP-37A524A783AA
CAN-000045,R0227,gobcl,news,17989-07,Modifica la Carta Fundamental para otorgar facultades extraordinarias al Presidente de la República,Proyecto de reforma constitucional sobre facultades extraordinarias del Presidente.,2024-06-28,2024-06-28T00:01:00,,moción,Gaspar Rivas,https://www.camara.cl/legislacion/proyectosdeley/tramitacion.aspx?prmBOLETIN=17989-07&prmID=18645%2F,https://www.camara.cl/legislacion/proyectosdeley/documentos/17989_07.pdf,GRP-F167817A3A1C
CAN-000046,R0231,senado,detail,17989-07,Modifica la Carta Fundamental para otorgar facultades extraordinarias al Presidente de la República,Proyecto de reforma constitucional sobre facultades extraordinarias del Presidente.,2025-06-22,2025-07-15,Primer trámite constitucional,moción,Gaspar Rivas,https://www.camara.cl/legislacion/proyectosdeley/tramitacion.aspx?prmBOLETIN=17989-07&prmID=18645,https://www.camara.cl/legislacion/proyectosdeley/documentos/17989_07.pdf,GRP-EB1C84007941
CAN-000047,R0234,crawler,misc,17989-07,Modifica la Carta Fundamental para otorgar facultades extraordinarias al Presidente de la República,"""Proyecto de reforma constitucional sobre facultades extraordinarias del Presidente.""",2025-05-23,2025-06-22T15:08:00,Trámite de aprobacion presidencial,moción,Gaspar Rivas,http://www.camara.cl/legislacion/proyectosdeley/tramitacion.aspx?prmBOLETIN=17989-07&prmID=18645,https://www.camara.cl/legislacion/proyectosdeley/documentos/17989_07.pdf,GRP-C79A76CD409C
