record_id,rejection_reason,raw_identifier_hint
R0012,missing_title,https://www.camara.cl/legislacion/ProyectosDeLey/tramitacion.aspx?prmBoletin=11422-07&prmID=11934
R0022,missing_all_identifiers,
R0023,missing_title,https://www.camara.cl/legislacion/ProyectosDeLey/tramitacion.aspx?prmBOLETIN=12768-15&prmID=13307
R0028,missing_all_identifiers,
R0030,missing_all_identifiers,
R0031,missing_title,https://www.camara.cl/legislacion/ProyectosDeLey/tramitacion.aspx?prmBOLETIN=12768-15&prmID=13307
R0040,missing_all_identifiers,
R0042,missing_all_identifiers,
R0043,missing_title,https://www.camara.cl/legislacion/ProyectosDeLey/tramitacion.aspx?prmBOLETIN=12490-07&prmID=13024
R0044,missing_title,https://www.camara.cl/legislacion/ProyectosDeLey/tramitacion.aspx?prmBOLETIN=12490-07&prmID=13024
R0046,missing_title,https://www.camara.cl/legislacion/ProyectosDeLey/tramitacion.aspx?prmBOLETIN=12490-07&prmID=13024
R0053,missing_title,https://www.camara.cl/legislacion/ProyectosDeLey/tramitacion.aspx?prmBOLETIN=12490-07&prmID=13024
R0056,missing_title,https://www.camara.cl/legislacion/ProyectosDeLey/tramitacion.aspx?prmBOLETIN=12490-07&prmID=13024
R0093,missing_title,https://www.camara.cl/legislacion/proyectosdeley/tramitacion.aspx?prmBOLETIN=16821-19&prmID=17429
R0097,missing_all_identifiers,
R0099,missing_title,16821-19
R0110,missing_title,https://www.camara.cl/legislacion/ProyectosDeLey/tramitacion.aspx?prmBOLETIN=17522-12&prmID=18162
R0128,missing_all_identifiers,
R0141,missing_all_identifiers,
R0149,missing_title,https://www.camara.cl/legislacion/proyectosdeley/tramitacion.aspx?prmBOLETIN=18137-05&prmID=18800
R0153,missing_all_identifiers,
R0162,missing_title,https://www.camara.cl/legislacion/ProyectosDeLey/tramitacion.aspx?prmBOLETIN=17678-11&prmID=18323
R0169,missing_all_identifiers,
R0172,missing_all_identifiers,
R0213,missing_title,https://www.camara.cl/legislacion/ProyectosDeLey/tramitacion.aspx?prmBOLETIN=16062-04&prmID=16604
R0222,missing_title,http://www.camara.cl/legislacion/proyectosdeley/tramitacion.aspx?prmBOLETIN=17989-07&prmID=18645
R0228,missing_title,https://www.camara.cl/legislacion/proyectosdeley/tramitacion.aspx?prmBOLETIN=17989-07&prmID=18645
R0230,missing_title,https://www.camara.cl/legislacion/proyectosdeley/tramitacion.aspx?prmBOLETIN=17989-07&prmID=18645
R0232,missing_title,https://www.camara.cl/legislacion/proyectosdeley/tramitacion.aspx?prmBOLETIN=17989-07&prmID=18645
R0239,missing_title,
R0240,missing_title,
R0241,missing_title,
R0242,missing_title,
R0243,missing_all_identifiers,
R0244,missing_all_identifiers,
R0245,missing_title,
R0246,missing_title,
R0247,missing_all_identifiers,
R0248,missing_title,
R0249,missing_title,
R0250,missing_all_identifiers,
R0251,missing_all_identifiers,
R0252,missing_title,
R0253,missing_title,
R0254,missing_title,
R0255,missing_title,
R0256,missing_title,
R0257,missing_title,
R0258,missing_all_identifiers,
